,TeamID,Team Name,ottoneu ID,FG MajorLeagueID,FG MinorLeagueID,Name,MLB Team,Position(s),Salary
0,55,Jack Klugman's Second Best Lung,39108,28163.0,sa3015532,Junior Caminero,TBR,3B,34
1,55,Jack Klugman's Second Best Lung,40927,30116.0,sa3018052,Seiya Suzuki,CHC,OF,33
2,55,Jack Klugman's Second Best Lung,37094,27676.0,sa1115762,Vinnie Pasquantino,KCR,1B,17
3,55,Jack Klugman's Second Best Lung,46310,35466.0,sa3043900,Payton Tolle,BOS,SP/RP,15
4,55,Jack Klugman's Second Best Lung,36922,25768.0,sa3010152,CJ Abrams,WSN,SS,14
5,55,Jack Klugman's Second Best Lung,36030,26517.0,sa3008745,Noelvi Marte,CIN,3B/OF,14
6,55,Jack Klugman's Second Best Lung,37427,26121.0,sa3010862,Francisco Alvarez,NYM,C,13
7,55,Jack Klugman's Second Best Lung,26857,22184.0,sa3004720,Mark Vientos,NYM,3B,13
8,55,Jack Klugman's Second Best Lung,22655,18839.0,sa874243,Josh Naylor,SEA,1B,12
9,55,Jack Klugman's Second Best Lung,43275,32227.0,sa3021487,Luis Morales,ATH,SP/RP,11
10,55,Jack Klugman's Second Best Lung,33670,23796.0,sa3008436,Ryan Weathers,NYY,SP,11
11,55,Jack Klugman's Second Best Lung,23856,14551.0,sa659463,Anthony Santander,TOR,OF,11
12,55,Jack Klugman's Second Best Lung,42741,,sa3020707,Robby Snelling,MIA AAA,SP,10
13,55,Jack Klugman's Second Best Lung,38456,,sa3014693,Emmanuel Rodriguez,MIN ST,OF,8
14,55,Jack Klugman's Second Best Lung,37174,26466.0,sa918808,Matt Wallner,MIN,OF,8
15,55,Jack Klugman's Second Best Lung,42277,31431.0,sa3019981,Jordan Beck,COL,OF,8
16,55,Jack Klugman's Second Best Lung,40260,29976.0,sa3017662,Jordan Lawlar,ARI,2B/SS/3B,7
17,55,Jack Klugman's Second Best Lung,37826,26253.0,sa3011524,Ryne Nelson,ARI,SP/RP,7
18,55,Jack Klugman's Second Best Lung,40255,29576.0,sa3016974,Ben Rice,NYY,C/1B,6
19,55,Jack Klugman's Second Best Lung,19242,20666.0,sa737480,Felix Bautista,BAL,RP,6
20,55,Jack Klugman's Second Best Lung,23814,19427.0,sa873698,Shane Bieber,TOR,SP,5
21,55,Jack Klugman's Second Best Lung,33395,20539.0,sa921576,Edwin Uceta,TBR,RP,4
22,55,Jack Klugman's Second Best Lung,38320,27465.0,sa3014504,Spencer Torkelson,DET,1B,4
23,55,Jack Klugman's Second Best Lung,38367,27496.0,sa3014465,Owen Caissie,MIA,OF,4
24,55,Jack Klugman's Second Best Lung,27058,23772.0,sa3005082,Wilyer Abreu,BOS,OF,4
25,55,Jack Klugman's Second Best Lung,44544,33927.0,sa3023634,Grant Taylor,CHW,SP/RP,4
26,55,Jack Klugman's Second Best Lung,20435,17998.0,sa827454,Pete Fairbanks,MIA,RP,4
27,55,Jack Klugman's Second Best Lung,40261,29993.0,sa3017694,Brady House,WSN,3B,3
28,55,Jack Klugman's Second Best Lung,40254,29575.0,sa3016973,Trey Sweeney,DET,SS,3
29,55,Jack Klugman's Second Best Lung,18256,15429.0,sa549381,Kris Bryant,COL,Util,3
30,55,Jack Klugman's Second Best Lung,22694,17606.0,sa874816,Cristian Javier,HOU,SP,3
31,55,Jack Klugman's Second Best Lung,26154,22715.0,sa3003246,Maikel Garcia,KCR,2B/SS/3B/OF,3
32,55,Jack Klugman's Second Best Lung,33424,22487.0,sa922365,Johan Oviedo,BOS,SP,3
33,55,Jack Klugman's Second Best Lung,34103,24094.0,sa3005835,Ronny Henriquez,MIA,RP,3
34,55,Jack Klugman's Second Best Lung,37210,25890.0,sa3010580,Bryan King,HOU,RP,3
35,55,Jack Klugman's Second Best Lung,5644,10233.0,sa523977,Aroldis Chapman,BOS,RP,3
36,55,Jack Klugman's Second Best Lung,40936,30165.0,sa3018096,Ricky Tiedemann,TOR ST,Util,2
37,55,Jack Klugman's Second Best Lung,37812,,sa3011495,Daniel Espino,CLE ST,Util,2
38,55,Jack Klugman's Second Best Lung,45715,,sa3025257,Charlie Condon,COL AA,1B,2
39,90,Carlos Pérez's K-Dance,22674,18360.0,sa874756,Austin Riley,ATL,3B,46
40,90,Carlos Pérez's K-Dance,18122,12916.0,sa597754,Francisco Lindor,NYM,SS,39
41,90,Carlos Pérez's K-Dance,18236,14374.0,sa597835,Tyler Glasnow,LAD,SP,34
42,90,Carlos Pérez's K-Dance,37201,25880.0,sa3010571,Hunter Brown,HOU,SP,27
43,90,Carlos Pérez's K-Dance,14893,11477.0,sa548190,Christian Yelich,MIL,OF,25
44,90,Carlos Pérez's K-Dance,18479,17919.0,sa827194,Ian Happ,CHC,OF,24
45,90,Carlos Pérez's K-Dance,18786,17085.0,sa736473,Pablo Lopez,MIN,SP,23
46,90,Carlos Pérez's K-Dance,21039,17312.0,sa828960,Justin Steele,CHC,RP,17
47,90,Carlos Pérez's K-Dance,9335,9132.0,sa455169,Nathan Eovaldi,TEX,SP,15
48,90,Carlos Pérez's K-Dance,18359,16137.0,sa598286,Carlos Rodon,NYY,SP,14
49,90,Carlos Pérez's K-Dance,35181,24729.0,sa3007519,Logan O'Hoppe,LAA,C,13
50,90,Carlos Pérez's K-Dance,36669,25816.0,sa3010329,Shea Langeliers,ATH,C,12
51,90,Carlos Pérez's K-Dance,38374,27899.0,sa3014474,Colt Keith,DET,1B/2B/3B,12
52,90,Carlos Pérez's K-Dance,22568,21032.0,sa873427,Emmanuel Clase,CLE,RP,12
53,90,Carlos Pérez's K-Dance,22651,18138.0,sa874172,Ryan Helsley,BAL,RP,12
54,90,Carlos Pérez's K-Dance,23701,12447.0,sa599698,Seth Lugo,KCR,SP,11
55,90,Carlos Pérez's K-Dance,32966,21224.0,sa918555,Bailey Ober,MIN,SP,11
56,90,Carlos Pérez's K-Dance,9668,12552.0,sa505033,Eugenio Suarez,FA,3B,11
57,90,Carlos Pérez's K-Dance,31194,17277.0,sa659551,Ranger Suarez,BOS,SP,10
58,90,Carlos Pérez's K-Dance,18506,18314.0,sa659260,Dansby Swanson,CHC,SS,9
59,90,Carlos Pérez's K-Dance,18397,16556.0,sa830219,Ozzie Albies,ATL,2B,9
60,90,Carlos Pérez's K-Dance,27723,11861.0,sa548332,Jason Adam,SDP,RP,9
61,90,Carlos Pérez's K-Dance,40095,29668.0,sa3017114,Marcelo Mayer,BOS,2B/SS/3B,9
62,90,Carlos Pérez's K-Dance,35566,21455.0,sa3008128,Kris Bubic,KCR,SP,8
63,90,Carlos Pérez's K-Dance,4374,9218.0,sa501577,Paul Goldschmidt,FA,1B,8
64,90,Carlos Pérez's K-Dance,43932,33189.0,sa3022430,Nolan Schanuel,LAA,1B,6
65,90,Carlos Pérez's K-Dance,31703,19470.0,sa873704,Tommy Edman,LAD,2B/3B/OF,5
66,90,Carlos Pérez's K-Dance,43879,33527.0,sa3022942,Hurston Waldrep,ATL,SP,5
67,90,Carlos Pérez's K-Dance,37098,27684.0,sa1115910,Michael Massey,KCR,2B/OF,5
68,90,Carlos Pérez's K-Dance,32051,21992.0,sa916835,Camilo Doval,NYY,RP,4
69,90,Carlos Pérez's K-Dance,29222,16258.0,sa599349,Aaron Bummer,ATL,RP,3
70,90,Carlos Pérez's K-Dance,37674,26231.0,sa3011295,Tyler Holton,DET,SP/RP,3
71,90,Carlos Pérez's K-Dance,18491,17901.0,sa738659,Andrew Benintendi,CHW,OF,3
72,90,Carlos Pérez's K-Dance,18383,14854.0,sa503161,Mike Yastrzemski,ATL,OF,3
73,90,Carlos Pérez's K-Dance,31541,20302.0,sa829588,David Peterson,NYM,SP,3
74,90,Carlos Pérez's K-Dance,23833,19918.0,sa3002838,Daulton Varsho,TOR,OF,3
75,112,Hornswogglers,18284,13510.0,sa598784,José Ramírez,CLE,3B,57
76,112,Hornswogglers,6305,10155.0,sa500736,Mike Trout,LAA,OF,28
77,112,Hornswogglers,33654,21534.0,sa3008377,Cal Raleigh,SEA,C,28
78,112,Hornswogglers,32291,21711.0,sa917318,Oneil Cruz,PIT,OF,21
79,112,Hornswogglers,21015,17995.0,sa828873,Logan Webb,SFG,SP,18
80,112,Hornswogglers,33685,24617.0,sa3006786,Jarren Duran,BOS,OF,17
81,112,Hornswogglers,42126,31781.0,sa3020241,Jackson Holliday,BAL,2B/SS,17
82,112,Hornswogglers,14393,10603.0,sa392121,Chris Sale,ATL,SP,17
83,112,Hornswogglers,23794,22264.0,sa3004765,Shane Baz,BAL,SP,14
84,112,Hornswogglers,12398,11609.0,sa508176,Willson Contreras,BOS,1B,14
85,112,Hornswogglers,42156,31347.0,sa3019855,Zach Neto,LAA,SS,13
86,112,Hornswogglers,35196,21390.0,sa3007584,Joe Ryan,MIN,SP,13
87,112,Hornswogglers,44348,33704.0,sa3023068,C.J. Kayfus,CLE,1B/OF,12
88,112,Hornswogglers,40714,29995.0,sa3017698,Daylen Lile,WSN,OF,12
89,112,Hornswogglers,45947,,sa3025452,Carson Benge,NYM AAA,OF,12
90,112,Hornswogglers,35824,24610.0,sa3008536,Steven Kwan,CLE,OF,11
91,112,Hornswogglers,44308,33644.0,sa3023011,Kristian Campbell,BOS ST,1B/2B/OF,11
92,112,Hornswogglers,37841,26319.0,sa3011540,Michael Busch,CHC,1B,9
93,112,Hornswogglers,37649,26221.0,sa3011244,Ryan Pepiot,TBR,SP,8
94,112,Hornswogglers,45709,,sa3025129,Travis Bazzana,CLE AAA,2B,8
95,112,Hornswogglers,44057,33321.0,sa3022614,Luke Keaschall,MIN,2B,8
96,112,Hornswogglers,42765,31986.0,sa3020748,Parker Messick,CLE,SP,8
97,112,Hornswogglers,42719,31872.0,sa3020860,Cade Horton,CHC,SP,7
98,112,Hornswogglers,21200,17128.0,sa829185,Ramon Laureano,SDP,OF,7
99,112,Hornswogglers,35939,21636.0,sa876320,Jeremy Pena,HOU,SS,7
100,112,Hornswogglers,36738,25477.0,sa3009884,Isaac Collins,KCR,OF,7
101,112,Hornswogglers,37480,26151.0,sa1115829,Kyle Stowers,MIA ST,OF,7
102,112,Hornswogglers,37960,26396.0,sa3011703,Josh Smith,TEX,1B/SS/3B/OF,7
103,112,Hornswogglers,43589,32095.0,sa3021981,Cam Schlittler,NYY,SP,6
104,112,Hornswogglers,39099,28142.0,sa3015523,Jhostynxon Garcia,PIT ST,OF,6
105,112,Hornswogglers,45789,,sa3025261,Ryan Waldschmidt,ARI AA,OF,5
106,112,Hornswogglers,40552,29839.0,sa3017416,Emmet Sheehan,LAD,SP,5
107,112,Hornswogglers,33645,22266.0,sa3007018,Xavier Edwards,MIA,2B/SS,5
108,112,Hornswogglers,40972,30182.0,sa3018149,Will Warren,NYY,SP,4
109,112,Hornswogglers,33949,24816.0,sa3005625,Andy Pages,LAD,OF,4
110,112,Hornswogglers,33672,23550.0,sa3007225,Aaron Ashby,MIL,RP,3
111,112,Hornswogglers,42653,31827.0,sa3020570,Zebby Matthews,MIN,SP,3
112,112,Hornswogglers,19904,15541.0,sa739036,Tyler Rogers,TOR,RP,3
113,112,Hornswogglers,19378,15734.0,sa737865,Brad Keller,PHI,RP,3
114,112,Hornswogglers,45708,34979.0,sa3025168,Christian Moore,LAA,2B,3
115,154,The Rime of Jamie Moyer,33600,19755.0,,Shohei Ohtani,LAD,Util/SP,75
116,154,The Rime of Jamie Moyer,18549,19611.0,sa920245,Vladimir Guerrero Jr.,TOR,1B,59
117,154,The Rime of Jamie Moyer,18546,18345.0,sa874240,Kyle Tucker,LAD,OF,48
118,154,The Rime of Jamie Moyer,18386,14344.0,sa657863,Matt Olson,ATL,1B,43
119,154,The Rime of Jamie Moyer,18276,13611.0,sa597889,Mookie Betts,LAD,SS,41
120,154,The Rime of Jamie Moyer,18407,15986.0,sa736655,Willy Adames,SFG,SS,21
121,154,The Rime of Jamie Moyer,41042,30279.0,sa3018290,Bryan Woo,SEA,SP,20
122,154,The Rime of Jamie Moyer,40862,31757.0,sa3017934,Mason Miller,SDP,RP,15
123,154,The Rime of Jamie Moyer,23779,19291.0,sa857550,Zac Gallen,FA,SP,15
124,154,The Rime of Jamie Moyer,31741,18882.0,sa874181,Brandon Lowe,PIT,2B,14
125,154,The Rime of Jamie Moyer,42737,31846.0,sa3020703,Spencer Schwellenbach,ATL,SP,12
126,154,The Rime of Jamie Moyer,15556,13074.0,sa379610,Yu Darvish,SDP,SP,12
127,154,The Rime of Jamie Moyer,22048,17548.0,sa858832,Taylor Ward,BAL,OF,12
128,154,The Rime of Jamie Moyer,5201,4949.0,sa390316,Giancarlo Stanton,NYY,OF,11
129,154,The Rime of Jamie Moyer,23601,14710.0,sa657938,Edwin Diaz,LAD,RP,10
130,154,The Rime of Jamie Moyer,14914,11737.0,sa548164,Nick Castellanos,PHI,OF,9
131,154,The Rime of Jamie Moyer,23741,19959.0,sa917981,Jesus Luzardo,PHI,SP,9
132,154,The Rime of Jamie Moyer,18163,14161.0,sa657851,Byron Buxton,MIN,OF,8
133,154,The Rime of Jamie Moyer,23373,21052.0,sa877821,Luis Gil,NYY,SP,8
134,154,The Rime of Jamie Moyer,18375,16944.0,sa828669,Grant Holmes,ATL,SP,7
135,154,The Rime of Jamie Moyer,18378,16505.0,sa828672,Matt Chapman,SFG,3B,7
136,154,The Rime of Jamie Moyer,33622,21501.0,sa3008376,Trevor Larnach,MIN,OF,6
137,154,The Rime of Jamie Moyer,35922,25385.0,sa829799,Drew Rasmussen,TBR,SP,6
138,154,The Rime of Jamie Moyer,36803,25479.0,sa3009965,Brenton Doyle,COL,OF,6
139,154,The Rime of Jamie Moyer,38313,27770.0,sa3014516,Zac Veen,COL ST,OF,6
140,154,The Rime of Jamie Moyer,23612,13774.0,sa657853,Zach Eflin,BAL,SP,6
141,154,The Rime of Jamie Moyer,23693,16162.0,sa597893,Brandon Woodruff,MIL,SP,6
142,154,The Rime of Jamie Moyer,38361,27863.0,sa3014459,Jared Jones,PIT ST,RP,6
143,154,The Rime of Jamie Moyer,33604,19867.0,sa829807,Griffin Canning,FA,SP,6
144,154,The Rime of Jamie Moyer,38330,27756.0,sa3014534,Mick Abel,MIN,SP,5
145,154,The Rime of Jamie Moyer,33325,21690.0,sa920423,Edward Cabrera,CHC,SP,5
146,154,The Rime of Jamie Moyer,18195,15474.0,sa657908,Lucas Giolito,FA,SP,5
147,154,The Rime of Jamie Moyer,32576,19955.0,sa917933,Gavin Lux,TBR,2B/3B/OF,5
148,154,The Rime of Jamie Moyer,40389,29715.0,sa3017173,Hunter Goodman,COL,C,5
149,154,The Rime of Jamie Moyer,18239,13590.0,sa657865,Jesse Winker,NYM AAA,Util,4
150,154,The Rime of Jamie Moyer,40870,30107.0,sa3017948,Christian Scott,NYM,RP,4
151,154,The Rime of Jamie Moyer,40266,30038.0,sa3017795,Carson Williams,TBR,SS,4
152,154,The Rime of Jamie Moyer,40181,29514.0,sa3016863,River Ryan,LAD,RP,4
153,154,The Rime of Jamie Moyer,44554,,sa3023407,Quinn Mathews,STL AAA,SP,4
154,154,The Rime of Jamie Moyer,23691,13799.0,sa658557,Matt Strahm,KCR,RP,4
155,154,The Rime of Jamie Moyer,38307,27474.0,sa3014430,Max Meyer,MIA,SP,4
156,154,The Rime of Jamie Moyer,33679,19899.0,sa3007582,Clarke Schmidt,NYY,SP,4
157,154,The Rime of Jamie Moyer,23622,16727.0,sa550113,Brock Stewart,LAD ST,RP,3
158,154,The Rime of Jamie Moyer,44315,33248.0,sa3023032,Craig Yoho,MIL ST,RP,3
159,154,The Rime of Jamie Moyer,33667,25967.0,sa3010692,Orelvis Martinez,WSN AAA,2B,3
160,154,The Rime of Jamie Moyer,37837,26048.0,sa3011536,Sawyer Gipson-Long,DET,SP/RP,3
161,154,The Rime of Jamie Moyer,22679,19926.0,sa874781,Tony Santillan,CIN,RP,3
162,154,The Rime of Jamie Moyer,23656,19360.0,sa872722,Lucas Erceg,KCR,RP,3
163,154,The Rime of Jamie Moyer,23788,19522.0,sa943754,TJ Friedl,CIN,OF,3
164,154,The Rime of Jamie Moyer,38365,27597.0,sa3014463,Cody Bradford,TEX ST,RP,3
165,185,Chili Dog MVP,39277,28806.0,sa3015704,Jackson Chourio,MIL,OF,24
166,185,Chili Dog MVP,46091,35323.0,sa3025686,Roki Sasaki,LAD,SP,23
167,185,Chili Dog MVP,23840,19290.0,sa914549,Randy Arozarena,SEA,OF,21
168,185,Chili Dog MVP,42409,31812.0,sa3020211,Roman Anthony,BOS,OF,21
169,185,Chili Dog MVP,33651,22514.0,sa3007634,Triston Casas,BOS,1B,19
170,185,Chili Dog MVP,38409,27932.0,sa3014512,Ian Seymour,TBR,SP/RP,19
171,185,Chili Dog MVP,43950,33541.0,sa3022882,Dylan Crews,WSN,OF,18
172,185,Chili Dog MVP,42711,31623.0,sa3020644,Jacob Misiorowski,MIL,SP,16
173,185,Chili Dog MVP,47533,,sa3030545,Liam Doyle,STL AA,SP,14
174,185,Chili Dog MVP,42358,31505.0,sa3020130,Sal Stewart,CIN,1B/3B,13
175,185,Chili Dog MVP,44147,33390.0,sa3022757,Bryce Eldridge,SFG,1B,13
176,185,Chili Dog MVP,47553,,sa3026056,Kade Anderson,,Util,13
177,185,Chili Dog MVP,44703,,sa3023635,Jaxon Wiggins,CHC AAA,SP,12
178,185,Chili Dog MVP,44515,33666.0,sa3023308,Connelly Early,BOS,SP/RP,11
179,185,Chili Dog MVP,43841,32157.0,sa3022324,Jonah Tong,NYM,SP,10
180,185,Chili Dog MVP,42712,31807.0,sa3020652,Troy Melton,DET,SP/RP,10
181,185,Chili Dog MVP,37300,25961.0,sa3010689,Kerry Carpenter,DET,OF,9
182,185,Chili Dog MVP,19422,16358.0,sa737914,Tyler Mahle,SFG,SP,9
183,185,Chili Dog MVP,45721,,sa3025544,Hagen Smith,CHW AA,SP,8
184,185,Chili Dog MVP,20920,17479.0,sa828681,Jack Flaherty,DET,SP,8
185,185,Chili Dog MVP,18415,16400.0,sa696415,Reynaldo Lopez,ATL,RP,8
186,185,Chili Dog MVP,35696,25098.0,sa3008338,Jacob Lopez,ATH,SP,8
187,185,Chili Dog MVP,42193,31382.0,sa3019892,Dalton Rushing,LAD,C,8
188,185,Chili Dog MVP,35808,24968.0,sa3008513,Reese Olson,DET,SP,8
189,185,Chili Dog MVP,23809,22275.0,sa915698,Jake Burger,TEX,1B,7
190,185,Chili Dog MVP,42146,31595.0,sa3019973,Brooks Lee,MIN,2B/SS/3B,7
191,185,Chili Dog MVP,42312,31475.0,sa3020080,Logan Henderson,MIL,SP,6
192,185,Chili Dog MVP,23696,19316.0,sa738156,Eric Lauer,TOR,SP/RP,6
193,185,Chili Dog MVP,44336,33703.0,sa3023053,Nolan McLean,NYM,SP,5
194,185,Chili Dog MVP,33677,25971.0,sa3008752,Kevin Alcantara,CHC,OF,5
195,185,Chili Dog MVP,40554,29863.0,sa3017418,Ryan Bergert,KCR,SP,5
196,185,Chili Dog MVP,40607,29911.0,sa3017529,Andrew Abbott,CIN,SP,5
197,185,Chili Dog MVP,38366,27475.0,sa3014464,Jordan Walker,STL,OF,4
198,185,Chili Dog MVP,36325,26546.0,sa3009276,Agustin Ramirez,MIA,C,4
199,185,Chili Dog MVP,18123,12979.0,sa597757,Javier Baez,DET,2B/SS/3B/OF,4
200,185,Chili Dog MVP,31687,19352.0,sa873680,Sean Murphy,ATL,C,4
201,185,Chili Dog MVP,18516,18363.0,sa828409,Victor Robles,SEA,OF,4
202,185,Chili Dog MVP,43895,33876.0,sa3023360,Rhett Lowder,CIN ST,SP/RP,4
203,185,Chili Dog MVP,42206,31765.0,sa3019905,Nacho Alvarez Jr.,ATL,3B,4
204,185,Chili Dog MVP,13217,13152.0,sa548087,Jorge Polanco,NYM,2B/3B,3
205,185,Chili Dog MVP,44487,,sa3023268,Thomas White,MIA AAA,SP,3
206,185,Chili Dog MVP,42873,,sa3020949,Noah Schultz,CHW AAA,SP,3
207,185,Chili Dog MVP,45064,,sa3024108,Jesus Made,MIL AA,SS,3
208,185,Chili Dog MVP,40989,30160.0,sa3018182,Richard Fitts,STL,SP,3
209,185,Chili Dog MVP,41160,,sa3018409,Lazaro Montes,SEA AA,OF,3
210,185,Chili Dog MVP,42621,,sa3020498,Xavier Isaac,TBR AA,Util,3
211,197,St. CGT VI,18312,15640.0,sa549847,Aaron Judge,NYY,OF,73
212,197,St. CGT VI,23717,20123.0,sa906282,Juan Soto,NYM,OF,64
213,197,St. CGT VI,18216,13624.0,sa657913,Corey Seager,TEX,SS,55
214,197,St. CGT VI,23795,19556.0,sa943524,Yordan Alvarez,HOU,OF,52
215,197,St. CGT VI,15962,10310.0,sa500722,Zack Wheeler,PHI,SP,32
216,197,St. CGT VI,38312,27463.0,,Garrett Crochet,BOS,SP,30
217,197,St. CGT VI,18460,13543.0,sa597786,Blake Snell,LAD,SP,30
218,197,St. CGT VI,23834,22515.0,sa3004693,Heliot Ramos,SFG,OF,15
219,197,St. CGT VI,34788,22542.0,sa3006873,Lawrence Butler,ATH,OF,13
220,197,St. CGT VI,33217,21837.0,sa919293,Jonathan Aranda,TBR,1B,12
221,197,St. CGT VI,38334,27473.0,sa3014421,Cade Cavalli,WSN,SP,11
222,197,St. CGT VI,37469,26197.0,sa3011226,Andrew Vaughn,MIL,1B,11
223,197,St. CGT VI,6130,10324.0,sa503013,Marcell Ozuna,FA,Util,10
224,197,St. CGT VI,19398,15454.0,sa737889,Nick Pivetta,SDP,SP,10
225,197,St. CGT VI,35628,24064.0,sa3008239,Ezequiel Tovar,COL,SS,9
226,197,St. CGT VI,34804,20178.0,sa3006896,Miguel Vargas,CHW,1B/3B,8
227,197,St. CGT VI,21708,17338.0,sa830274,Willi Castro,COL,2B/3B/OF,7
228,197,St. CGT VI,36682,25977.0,sa3011297,Quinn Priester,MIL,SP/RP,6
229,197,St. CGT VI,31438,20253.0,sa738570,Griffin Jax,TBR,RP,6
230,197,St. CGT VI,18257,15873.0,sa709610,Sean Manaea,NYM,SP,5
231,197,St. CGT VI,38317,27562.0,sa3014440,Austin Wells,NYY,C,5
232,197,St. CGT VI,34843,25180.0,sa3006936,Daniel Schneemann,CLE,2B/SS/3B/OF,5
233,197,St. CGT VI,21156,16442.0,sa829141,Ryan O'Hearn,PIT,1B/OF,5
234,197,St. CGT VI,18465,15440.0,sa621603,Matthew Boyd,CHC,SP,5
235,197,St. CGT VI,19520,17170.0,sa738213,Gabe Speier,SEA,RP,5
236,197,St. CGT VI,23672,20039.0,sa969093,Adrian Morejon,SDP,RP,5
237,197,St. CGT VI,22004,18036.0,sa857694,Jake Cronenworth,SDP,1B/2B/SS,5
238,197,St. CGT VI,23639,19956.0,sa917920,Mickey Moniak,COL,OF,5
239,197,St. CGT VI,8550,7048.0,sa389855,Fernando Cruz,NYY,RP,4
240,197,St. CGT VI,37091,26477.0,sa1115496,Spencer Horwitz,PIT,1B,4
241,197,St. CGT VI,18644,15362.0,sa709024,Jeff Mcneil,ATH,2B/OF,3
242,197,St. CGT VI,44539,,sa3023363,Leo De Vries,ATH AA,SS,3
243,197,St. CGT VI,40155,30146.0,sa3018053,Jack Leiter,TEX,SP,3
244,197,St. CGT VI,38127,27506.0,sa3011918,Ha-seong Kim,ATL,2B/SS,3
245,197,St. CGT VI,18328,15112.0,sa737539,Ryan McMahon,NYY,3B,3
246,197,St. CGT VI,23705,19950.0,sa917114,Andres Gimenez,TOR,2B/SS,3
247,197,St. CGT VI,20421,17897.0,sa827423,Garrett Cleavinger,TBR,RP,3
248,197,St. CGT VI,26570,19608.0,sa3004268,Otto Lopez,MIA,2B/SS,3
249,197,St. CGT VI,45739,,sa3038253,Braden Montgomery,CHW AA,OF,3
250,197,St. CGT VI,42726,,sa3023381,Felnin Celesten,SEA A+,SS,2
251,236,Yoshi Teddy Bear,36668,25764.0,sa3011225,Bobby Witt Jr.,KCR,SS,48
252,236,Yoshi Teddy Bear,14982,11579.0,sa548033,Bryce Harper,PHI,1B,40
253,236,Yoshi Teddy Bear,18347,16478.0,sa709545,Kyle Schwarber,PHI,OF,39
254,236,Yoshi Teddy Bear,37806,26289.0,sa3011484,Gunnar Henderson,BAL,SS,35
255,236,Yoshi Teddy Bear,14934,11493.0,sa548155,Manny Machado,SDP,3B,28
256,236,Yoshi Teddy Bear,21052,18525.0,sa829000,Dylan Cease,TOR,SP,22
257,236,Yoshi Teddy Bear,23825,19326.0,sa873683,Bryan Reynolds,PIT,OF,20
258,236,Yoshi Teddy Bear,14294,10954.0,sa548447,Jacob DeGrom,TEX,SP,19
259,236,Yoshi Teddy Bear,18113,12768.0,sa455516,Sonny Gray,BOS,SP,19
260,236,Yoshi Teddy Bear,23810,22201.0,sa3005068,MacKenzie Gore,TEX,SP,17
261,236,Yoshi Teddy Bear,8626,7304.0,sa392995,Salvador Perez,KCR,C/1B,17
262,236,Yoshi Teddy Bear,38389,27790.0,sa3014490,Evan Carter,TEX,OF,15
263,236,Yoshi Teddy Bear,36686,26378.0,sa917947,Nick Lodolo,CIN,SP,14
264,236,Yoshi Teddy Bear,33548,20391.0,sa962605,Luis García Jr.,WSN,2B,12
265,236,Yoshi Teddy Bear,38388,27467.0,sa3014489,Tyler Soderstrom,ATH,1B/OF,11
266,236,Yoshi Teddy Bear,35367,22543.0,sa3007839,Taj Bradley,MIN,SP,8
267,236,Yoshi Teddy Bear,32009,22100.0,sa916702,Jose Soriano,LAA,SP,8
268,236,Yoshi Teddy Bear,19268,15816.0,sa737560,Devin Williams,NYM,RP,8
269,236,Yoshi Teddy Bear,17763,11156.0,sa552177,Merrill Kelly,ARI,SP,7
270,236,Yoshi Teddy Bear,33907,24262.0,sa3005581,Ceddanne Rafaela,BOS,2B/OF,6
271,236,Yoshi Teddy Bear,22078,30115.0,sa869798,Robert Suarez,ATL,RP,5
272,236,Yoshi Teddy Bear,40615,29921.0,sa3017537,Spencer Arrighetti,HOU,SP,5
273,236,Yoshi Teddy Bear,4514,3137.0,sa326473,Max Scherzer,FA,SP,5
274,236,Yoshi Teddy Bear,43966,33322.0,sa3022615,Matt Shaw,CHC,3B,4
275,236,Yoshi Teddy Bear,27207,22581.0,sa3005337,Alejandro Kirk,TOR,C,4
276,236,Yoshi Teddy Bear,42416,31912.0,sa3020219,Chandler Simpson,TBR,OF,3
277,236,Yoshi Teddy Bear,40834,30085.0,sa3017886,Ben Casparius,LAD ST,RP,3
278,236,Yoshi Teddy Bear,14809,11384.0,sa526323,Tommy Kahnle,FA,RP,3
279,236,Yoshi Teddy Bear,40472,29770.0,sa3017306,Mason Montgomery,PIT ST,RP,3
280,236,Yoshi Teddy Bear,38781,27914.0,sa3015122,Daniel Palencia,CHC,RP,3
281,236,Yoshi Teddy Bear,18272,15491.0,sa737507,J.P. Crawford,SEA,SS,3
282,236,Yoshi Teddy Bear,18547,18564.0,sa874246,Trent Grisham,NYY,OF,3
283,236,Yoshi Teddy Bear,19394,14771.0,sa737885,Emilio Pagan,CIN,RP,3
284,236,Yoshi Teddy Bear,22668,18383.0,sa874715,Michael Soroka,ARI,SP/RP,3
285,236,Yoshi Teddy Bear,23613,14542.0,sa598491,Carlos Estevez,KCR,RP,3
286,236,Yoshi Teddy Bear,35602,25327.0,sa3008177,Abner Uribe,MIL,RP,3
287,236,Yoshi Teddy Bear,35487,20572.0,sa3008002,Kody Clemens,MIN,1B/2B/OF,3
288,236,Yoshi Teddy Bear,26134,22664.0,sa3003226,Gabriel Moreno,ARI,C,3
289,236,Yoshi Teddy Bear,27284,13293.0,sa455412,Danny Coulombe,FA,RP,3
290,236,Yoshi Teddy Bear,43892,,sa3022892,Arjun Nimmala,TOR A+,SS,2
291,240,Largely Indistinguishables,43894,33677.0,sa3023079,Paul Skenes,PIT,SP,41
292,240,Largely Indistinguishables,44525,33825.0,sa3023345,Yoshinobu Yamamoto,LAD,SP,39
293,240,Largely Indistinguishables,35204,22267.0,sa3007593,Tarik Skubal,DET,SP,25
294,240,Largely Indistinguishables,36671,25436.0,sa3011526,George Kirby,SEA,SP,24
295,240,Largely Indistinguishables,33682,22250.0,sa3008598,Logan Gilbert,SEA,SP,20
296,240,Largely Indistinguishables,23651,13066.0,sa596861,Teoscar Hernandez,LAD,OF,19
297,240,Largely Indistinguishables,19168,18679.0,sa737343,Freddy Peralta,NYM,SP,16
298,240,Largely Indistinguishables,43896,33333.0,sa3022654,Wyatt Langford,TEX,OF,15
299,240,Largely Indistinguishables,33609,21618.0,sa3007284,Alec Bohm,PHI,1B/3B,15
300,240,Largely Indistinguishables,42169,31370.0,sa3019868,Jakob Marsee,MIA,OF,14
301,240,Largely Indistinguishables,38398,27815.0,sa3014499,Jordan Westburg,BAL,2B/3B,13
302,240,Largely Indistinguishables,47552,,sa3069100,Ethan Holliday,COL A,Util,13
303,240,Largely Indistinguishables,40550,29837.0,sa3017414,Bryce Miller,SEA,SP,12
304,240,Largely Indistinguishables,14864,11739.0,sa548255,J.T. Realmuto,PHI,C,12
305,240,Largely Indistinguishables,23831,20036.0,sa920275,Isaac Paredes,HOU,3B,12
306,240,Largely Indistinguishables,40937,30184.0,sa3018097,Noah Cameron,KCR,SP,11
307,240,Largely Indistinguishables,20975,20778.0,sa828749,Cristopher Sanchez,PHI,SP,11
308,240,Largely Indistinguishables,42428,,sa3020240,Justin Crawford,PHI AAA,OF,10
309,240,Largely Indistinguishables,42175,,sa3020134,Jett Williams,MIL AAA,2B/SS/OF,10
310,240,Largely Indistinguishables,18364,17432.0,sa709602,Jeff Hoffman,TOR,RP,10
311,240,Largely Indistinguishables,22559,21029.0,sa873347,Jhoan Duran,PHI,RP,10
312,240,Largely Indistinguishables,37531,26294.0,sa3011443,Bryson Stott,PHI,2B/SS,9
313,240,Largely Indistinguishables,40505,29478.0,sa3017339,Carter Jensen,KCR,C,9
314,240,Largely Indistinguishables,26198,22799.0,sa3003290,Geraldo Perdomo,ARI,SS,9
315,240,Largely Indistinguishables,42659,31792.0,sa3020577,Otto Kemp,PHI,1B/3B/OF,7
316,240,Largely Indistinguishables,31951,19569.0,sa915715,David Bednar,NYY,RP,7
317,240,Largely Indistinguishables,40298,29622.0,sa3017047,Sal Frelick,MIL,OF,7
318,240,Largely Indistinguishables,33607,22286.0,sa3005423,Trevor Rogers,BAL,SP,7
319,240,Largely Indistinguishables,33634,22186.0,sa3008294,Brice Turang,MIL,2B,7
320,240,Largely Indistinguishables,45713,,sa3025154,JJ Wetherholt,STL AAA,2B/SS,6
321,240,Largely Indistinguishables,33147,19392.0,sa918920,Zach McKinstry,DET,SS/3B/OF,5
322,240,Largely Indistinguishables,42582,31680.0,sa3020459,Cole Young,SEA,2B/SS,4
323,240,Largely Indistinguishables,31812,21574.0,sa876266,Brendon Little,TOR,RP,4
324,240,Largely Indistinguishables,44003,33266.0,sa3022538,Jacob Wilson,ATH,SS,4
325,240,Largely Indistinguishables,44052,,sa3022609,Aidan Miller,PHI AAA,SS,4
326,240,Largely Indistinguishables,2916,3096.0,sa295200,Kenley Jansen,DET,RP,4
327,240,Largely Indistinguishables,29992,17780.0,sa656049,Jose Alvarado,PHI,RP,3
328,240,Largely Indistinguishables,23868,20202.0,sa917944,Brandon Marsh,PHI,OF,3
329,241,🦫 Beavers in Scoring Position!,18344,17350.0,sa828312,Rafael Devers,SFG,1B,45
330,241,🦫 Beavers in Scoring Position!,23682,19709.0,sa919910,Fernando Tatis Jr.,SDP,OF,44
331,241,🦫 Beavers in Scoring Position!,5918,5417.0,sa455591,Jose Altuve,HOU,2B/OF,35
332,241,🦫 Beavers in Scoring Position!,23859,19251.0,sa873981,Pete Alonso,BAL,1B,30
333,241,🦫 Beavers in Scoring Position!,23625,21846.0,sa917938,Cole Ragans,KCR,SP,24
334,241,🦫 Beavers in Scoring Position!,18255,13301.0,sa503373,Max Muncy,LAD,3B,18
335,241,🦫 Beavers in Scoring Position!,23792,20220.0,sa3004837,Jo Adell,LAA,OF,15
336,241,🦫 Beavers in Scoring Position!,23796,20437.0,sa3004259,Royce Lewis,MIN,3B,15
337,241,🦫 Beavers in Scoring Position!,42279,31695.0,sa3019983,Dylan Beavers,BAL,OF,14
338,241,🦫 Beavers in Scoring Position!,40564,29868.0,sa3017428,Bubba Chandler,PIT,SP/RP,12
339,241,🦫 Beavers in Scoring Position!,13702,10815.0,sa549315,Jurickson Profar,ATL,OF,10
340,241,🦫 Beavers in Scoring Position!,41335,,sa3018584,Josue Briceno,DET AA,C/1B,10
341,241,🦫 Beavers in Scoring Position!,45720,35041.0,sa3025245,Jac Caglianone,KCR,1B/OF,10
342,241,🦫 Beavers in Scoring Position!,42266,,sa3019969,Spencer Jones,NYY ST,OF,8
343,241,🦫 Beavers in Scoring Position!,40941,30122.0,sa3018106,Gavin Williams,CLE,SP,8
344,241,🦫 Beavers in Scoring Position!,33656,20633.0,,Yusei Kikuchi,LAA,SP,8
345,241,🦫 Beavers in Scoring Position!,45790,35456.0,sa3045705,Trey Yesavage,TOR,SP/RP,8
346,241,🦫 Beavers in Scoring Position!,45090,,sa3024134,Luis Pena,MIL A+,2B/SS,7
347,241,🦫 Beavers in Scoring Position!,45769,,sa3065496,Konnor Griffin,PIT AA,SS,7
348,241,🦫 Beavers in Scoring Position!,35776,23793.0,sa3008470,Braxton Ashcraft,PIT,SP/RP,7
349,241,🦫 Beavers in Scoring Position!,18171,14078.0,sa621625,Michael Wacha,KCR,SP,6
350,241,🦫 Beavers in Scoring Position!,39285,28820.0,sa3015713,Moises Ballesteros,CHC,C,6
351,241,🦫 Beavers in Scoring Position!,44534,33850.0,sa3023499,Brandon Sproat,MIL,SP/RP,5
352,241,🦫 Beavers in Scoring Position!,43949,33549.0,sa3022886,Kyle Teel,CHW,C,4
353,241,🦫 Beavers in Scoring Position!,42746,31855.0,sa3020713,Colby Thomas,ATH,OF,4
354,241,🦫 Beavers in Scoring Position!,22616,17929.0,sa873639,Cedric Mullins,TBR,OF,4
355,241,🦫 Beavers in Scoring Position!,33616,20492.0,sa3008444,Casey Mize,DET,SP,4
356,241,🦫 Beavers in Scoring Position!,43911,33174.0,sa3022409,Hunter Barco,PIT,SP/RP,3
357,241,🦫 Beavers in Scoring Position!,44114,,sa3022703,Zyhir Hope,LAD AA,OF,3
358,241,🦫 Beavers in Scoring Position!,33611,22294.0,sa3008163,Matthew Liberatore,STL,SP/RP,3
359,241,🦫 Beavers in Scoring Position!,42147,,sa3020214,Termarr Johnson,PIT AA,2B,3
360,241,🦫 Beavers in Scoring Position!,38314,27490.0,sa3014510,Nick Gonzales,PIT,2B/SS,3
361,241,🦫 Beavers in Scoring Position!,35473,21318.0,sa3007988,Tylor Megill,NYM ST,SP,3
362,241,🦫 Beavers in Scoring Position!,43129,,sa3021208,Eduardo Quintero,LAD A+,OF,2
363,241,🦫 Beavers in Scoring Position!,44975,,sa3023944,Edward Florentino,PIT A,OF,2
364,241,🦫 Beavers in Scoring Position!,44223,,sa3022895,Kevin McGonigle,DET AA,SS,2
365,241,🦫 Beavers in Scoring Position!,46221,,sa3034986,Gage Jump,ATH AA,SP,2
366,242,Smoak and Mirrors,18357,16149.0,sa599230,Aaron Nola,PHI,SP,35
367,242,Smoak and Mirrors,18466,13613.0,sa597026,Ketel Marte,ARI,2B,31
368,242,Smoak and Mirrors,44526,33829.0,sa3023346,Shota Imanaga,CHC,SP,29
369,242,Smoak and Mirrors,23654,19197.0,sa873265,Will Smith,LAD,C,29
370,242,Smoak and Mirrors,18164,13743.0,sa657860,Max Fried,NYY,SP,27
371,242,Smoak and Mirrors,34601,21454.0,sa3006649,Lars Nootbaar,STL,OF,23
372,242,Smoak and Mirrors,18160,14162.0,sa657850,Carlos Correa,HOU,SS/3B,20
373,242,Smoak and Mirrors,18126,12927.0,sa597760,Brandon Nimmo,TEX,OF,20
374,242,Smoak and Mirrors,23824,22182.0,sa3005315,Hunter Greene,CIN,SP,19
375,242,Smoak and Mirrors,23793,19627.0,sa3003172,Brent Rooker,ATH,OF,19
376,242,Smoak and Mirrors,38559,27768.0,sa3014807,Eury Perez,MIA,SP,18
377,242,Smoak and Mirrors,19328,15998.0,sa737794,Cody Bellinger,NYY,OF,18
378,242,Smoak and Mirrors,19296,15711.0,sa737633,Tyler O'Neill,BAL,OF,14
379,242,Smoak and Mirrors,20545,18568.0,sa828153,Luis Arraez,FA,1B/2B,14
380,242,Smoak and Mirrors,18517,16578.0,sa823741,Yandy Diaz,TBR,1B,13
381,242,Smoak and Mirrors,39978,29591.0,sa3017018,Colton Cowser,BAL,OF,11
382,242,Smoak and Mirrors,20936,17594.0,sa828700,Mitch Keller,PIT,SP,11
383,242,Smoak and Mirrors,34619,24679.0,sa3006675,Brendan Donovan,STL,2B/SS/OF,10
384,242,Smoak and Mirrors,18201,14168.0,sa657852,Jose Berrios,TOR,SP,10
385,242,Smoak and Mirrors,38404,27479.0,sa3014506,Masyn Winn,STL,SS,9
386,242,Smoak and Mirrors,37786,26299.0,sa3011468,Josh Jung,TEX,3B,9
387,242,Smoak and Mirrors,45714,35108.0,sa3025358,Cam Smith,HOU,OF,9
388,242,Smoak and Mirrors,32611,19716.0,sa917992,Dustin May,STL,SP,7
389,242,Smoak and Mirrors,38754,27867.0,sa3015086,Cade Smith,CLE,RP,7
390,242,Smoak and Mirrors,20989,17722.0,sa828803,Trevor Megill,MIL,RP,7
391,242,Smoak and Mirrors,44512,33482.0,sa3023361,Chase Dollander,COL,SP,6
392,242,Smoak and Mirrors,18124,12856.0,sa526414,George Springer,TOR,OF,6
393,242,Smoak and Mirrors,33627,21479.0,sa3007867,Nico Hoerner,CHC,2B,5
394,242,Smoak and Mirrors,35532,25007.0,sa3008070,Alex Vesia,LAD,RP,5
395,242,Smoak and Mirrors,20350,16472.0,sa827179,Rhys Hoskins,FA,1B,4
396,242,Smoak and Mirrors,33767,23920.0,sa3005436,Brayan Bello,BOS,SP,4
397,242,Smoak and Mirrors,18421,13580.0,sa550187,Steven Okert,HOU,RP,4
398,242,Smoak and Mirrors,31819,19350.0,sa876350,Dean Kremer,BAL,SP,4
399,242,Smoak and Mirrors,19437,15823.0,sa737929,Zack Littell,FA,SP,3
400,242,Smoak and Mirrors,41400,30249.0,sa3018789,Jack Dreyer,LAD,SP/RP,3
401,242,Smoak and Mirrors,40238,29554.0,sa3016957,Adrian Del Castillo,ARI,Util,3
402,242,Smoak and Mirrors,34817,24598.0,sa3006910,Addison Barger,TOR,3B/OF,3
403,242,Smoak and Mirrors,33676,21865.0,sa3008247,Bo Naylor,CLE,C,3
404,242,Smoak and Mirrors,38410,27758.0,sa3014513,Kyle Harrison,BOS,SP/RP,3
405,242,Smoak and Mirrors,8520,9323.0,sa500846,Patrick Corbin,FA,SP,3
406,247,Roberto Big Piece and the 69ers,23327,18401.0,sa877503,Ronald Acuña Jr.,ATL,OF,64
407,247,Roberto Big Piece and the 69ers,37182,25878.0,sa3010593,Corbin Carroll,ARI,OF,31
408,247,Roberto Big Piece and the 69ers,37257,26288.0,sa3011643,Adley Rutschman,BAL,C,28
409,247,Roberto Big Piece and the 69ers,18480,17678.0,sa659419,Alex Bregman,CHC,3B,26
410,247,Roberto Big Piece and the 69ers,40188,29518.0,sa3016870,James Wood,WSN,OF,25
411,247,Roberto Big Piece and the 69ers,38736,27498.0,sa3015059,Spencer Strider,ATL,SP,25
412,247,Roberto Big Piece and the 69ers,40142,29490.0,sa3016829,Jackson Merrill,SDP,OF,20
413,247,Roberto Big Piece and the 69ers,45716,35110.0,sa3025385,Nick Kurtz,ATH,1B,18
414,247,Roberto Big Piece and the 69ers,36509,25976.0,sa3010694,Riley Greene,DET,OF,17
415,247,Roberto Big Piece and the 69ers,38699,27782.0,sa3014983,Brandon Pfaadt,ARI,SP,15
416,247,Roberto Big Piece and the 69ers,40097,30203.0,sa3018054,Jackson Jobe,DET,SP,14
417,247,Roberto Big Piece and the 69ers,33612,24492.0,sa3008130,Grayson Rodriguez,LAA ST,RP,14
418,247,Roberto Big Piece and the 69ers,43988,,sa3022894,Walker Jenkins,MIN AAA,OF,12
419,247,Roberto Big Piece and the 69ers,33647,21483.0,sa3008547,Shane McClanahan,TBR ST,SP/RP,11
420,247,Roberto Big Piece and the 69ers,33259,20373.0,sa919548,Andres Munoz,SEA,RP,11
421,247,Roberto Big Piece and the 69ers,42176,32127.0,sa3021053,Chase DeLauter,CLE ST,OF,10
422,247,Roberto Big Piece and the 69ers,39288,28824.0,sa3015716,Samuel Basallo,BAL,C/1B,10
423,247,Roberto Big Piece and the 69ers,42713,31665.0,sa3020653,Alex Freeland,LAD ST,2B/SS/3B,8
424,247,Roberto Big Piece and the 69ers,38378,28312.0,sa3014479,Coby Mayo,BAL,1B,8
425,247,Roberto Big Piece and the 69ers,42221,31539.0,sa3019920,Drake Baldwin,ATL,C,8
426,247,Roberto Big Piece and the 69ers,37239,25636.0,sa3010621,Hunter Gaddis,CLE,RP,8
427,247,Roberto Big Piece and the 69ers,23790,13649.0,sa598167,Clay Holmes,NYM,SP,8
428,247,Roberto Big Piece and the 69ers,20732,18684.0,sa828383,Sandy Alcantara,MIA,SP,8
429,247,Roberto Big Piece and the 69ers,40829,30091.0,sa3017880,Andrew Painter,PHI ST,SP,7
430,247,Roberto Big Piece and the 69ers,40262,29712.0,sa3017170,Colson Montgomery,CHW,SS/3B,7
431,247,Roberto Big Piece and the 69ers,33620,25377.0,sa3008613,Brady Singer,CIN,SP,7
432,247,Roberto Big Piece and the 69ers,18116,13125.0,sa454389,Gerrit Cole,NYY ST,RP,7
433,247,Roberto Big Piece and the 69ers,18153,12564.0,sa597765,Trevor Story,BOS,SS,7
434,247,Roberto Big Piece and the 69ers,40508,29794.0,sa3017342,Kyle Manzardo,CLE,1B,6
435,247,Roberto Big Piece and the 69ers,23850,22191.0,sa918088,Tobias Myers,NYM,SP/RP,5
436,247,Roberto Big Piece and the 69ers,40707,29960.0,sa3017690,AJ Smith-Shawver,ATL,SP,5
437,247,Roberto Big Piece and the 69ers,40476,29812.0,sa3017310,Robert Gasser,MIL,SP/RP,5
438,247,Roberto Big Piece and the 69ers,18487,16997.0,sa830372,Gleyber Torres,DET,2B,5
439,247,Roberto Big Piece and the 69ers,27185,20191.0,sa3005306,Garrett Whitlock,BOS,RP,5
440,247,Roberto Big Piece and the 69ers,37942,26389.0,sa3011680,DJ Herz,WSN ST,RP,5
441,247,Roberto Big Piece and the 69ers,38368,27615.0,sa3014466,Alec Burleson,STL,1B/OF,5
442,247,Roberto Big Piece and the 69ers,45706,35333.0,sa3028086,Chase Burns,CIN,SP/RP,3
443,247,Roberto Big Piece and the 69ers,19747,16502.0,sa738545,Ryan Yarbrough,NYY,SP/RP,3
444,247,Roberto Big Piece and the 69ers,22809,18064.0,sa875251,Phil Maton,CHC,RP,3
445,247,Roberto Big Piece and the 69ers,38461,27482.0,sa3014701,Robert Hassell III,WSN,OF,3
446,247,Roberto Big Piece and the 69ers,31984,23363.0,sa915840,Robert Garcia,TEX,RP,3
447,247,Roberto Big Piece and the 69ers,34602,21562.0,sa3006652,Romy Gonzalez,BOS,1B/2B,3
448,247,Roberto Big Piece and the 69ers,42592,31687.0,sa3020469,Shane Smith,CHW,SP,3
449,247,Roberto Big Piece and the 69ers,41419,30375.0,sa3018808,Jarlin Susana,WSN AA,SP,2
450,247,Roberto Big Piece and the 69ers,42854,,sa3020891,Jackson Ferris,LAD AA,SP,2
451,247,Roberto Big Piece and the 69ers,39279,,sa3015706,Angel Genao,CLE ST,SS,2
452,253,Roar from 34,5680,5361.0,sa390291,Freddie Freeman,LAD,1B,56
453,253,Roar from 34,33625,23697.0,sa3005720,Julio Rodriguez,SEA,OF,43
454,253,Roar from 34,18368,16252.0,sa599179,Trea Turner,PHI,SS,33
455,253,Roar from 34,36338,26668.0,sa3009289,Elly De La Cruz,CIN,SS,27
456,253,Roar from 34,22426,17295.0,sa873146,Framber Valdez,FA,SP,26
457,253,Roar from 34,23767,19612.0,sa917949,Bo Bichette,NYM,SS,23
458,253,Roar from 34,23732,15689.0,sa657487,Luis Castillo,SEA,SP,23
459,253,Roar from 34,23762,20454.0,sa919327,Jazz Chisholm Jr.,NYY,2B/3B,20
460,253,Roar from 34,42723,31838.0,,Kodai Senga,NYM,SP,19
461,253,Roar from 34,18196,14107.0,sa548347,Kevin Gausman,TOR,SP,18
462,253,Roar from 34,22391,20503.0,sa872847,William Contreras,MIL,C,18
463,253,Roar from 34,38327,27769.0,sa3014458,Pete Crow-Armstrong,CHC,OF,15
464,253,Roar from 34,37635,28080.0,sa3014696,Jasson Dominguez,NYY,OF,11
465,253,Roar from 34,31751,19853.0,sa874220,Michael King,SDP,SP,11
466,253,Roar from 34,36683,27647.0,sa3010868,Anthony Volpe,NYY,SS,10
467,253,Roar from 34,44524,33824.0,sa3012640,Jung Hoo Lee,SFG,OF,9
468,253,Roar from 34,40978,30134.0,sa3018170,Tanner Bibee,CLE,SP,9
469,253,Roar from 34,13117,12161.0,sa550735,Xander Bogaerts,SDP,SS,8
470,253,Roar from 34,40861,30113.0,sa3017933,Chad Patrick,MIL,SP,7
471,253,Roar from 34,18389,13419.0,sa503826,Christian Walker,HOU,1B,7
472,253,Roar from 34,38319,31166.0,sa3014439,Heston Kjerstad,BAL ST,OF,7
473,253,Roar from 34,22331,19913.0,sa872787,Jesus Sanchez,HOU,OF,6
474,253,Roar from 34,42991,,sa3021069,Sebastian Walcott,TEX AA,SS,6
475,253,Roar from 34,26099,20599.0,sa3003191,Ivan Herrera,STL,C,6
476,253,Roar from 34,14941,11486.0,sa549085,Robbie Ray,SFG,SP,6
477,253,Roar from 34,41342,,sa3018591,Josue De Paula,LAD AA,OF,5
478,253,Roar from 34,43893,,sa3022683,Max Clark,DET AA,OF,5
479,253,Roar from 34,27208,22210.0,sa3005339,Jeremiah Estrada,SDP,RP,5
480,253,Roar from 34,20900,16609.0,sa828588,Bryan Abreu,HOU,RP,5
481,253,Roar from 34,35874,24586.0,sa3008605,Kyle Bradish,BAL,SP,4
482,253,Roar from 34,40820,30076.0,sa3017869,Landen Roupp,SFG,SP,4
483,253,Roar from 34,44248,,sa3022923,Colt Emerson,SEA AAA,SS,3
484,253,Roar from 34,33623,22263.0,sa3007017,Nolan Gorman,STL,2B/3B,3
485,253,Roar from 34,18414,12572.0,sa549672,Blake Treinen,LAD,RP,3
486,253,Roar from 34,42376,31701.0,sa3020177,Blade Tidwell,SFG ST,SP/RP,3
487,253,Roar from 34,37181,26123.0,sa3010869,Brett Baty,NYM,2B/3B,3
488,253,Roar from 34,37202,27691.0,sa3010572,Louis Varland,TOR,RP,3
489,253,Roar from 34,37234,25756.0,sa3010616,Matt Brash,SEA,RP,3
490,253,Roar from 34,40568,29878.0,sa3017461,Sean Burke,CHW,SP/RP,3
491,253,Roar from 34,18398,12304.0,sa598294,Chris Bassitt,FA,SP,3
